{"cameraMode":{"drawMode":0,"name":"Shaded","section":"Shading Mode"},"sceneLighting":true,"audioPlay":false,"sceneViewState":{"showFog":true,"showMaterialUpdate":false,"showSkybox":true,"showFlares":true,"showImageEffects":true,"showParticleSystems":true,"showVisualEffectGraphs":true},"in2DMode":false,"pivot":{"x":-1.0859253406524659,"y":1.6572514772415162,"z":0.6819268465042114},"rotation":{"x":0.050110094249248508,"y":0.9496371150016785,"z":-0.20718792080879212,"w":0.2296770066022873},"size":4.195154190063477,"orthographic":false}